timestamp,temperature_c,humidity_percent,rain_mm,wind_speed_kmh,weather_code,wind_direction_deg,apparent_temperature_c,dew_point_c,precipitation_mm
2026-07-30 18:30:00,26.95,88.83362,0.1,13.184308,51.0,128.90414,31.73233,24.95,0.1
2026-07-30 19:30:00,26.6,90.41192,0.1,13.044722,51.0,129.40063,31.370632,24.9,0.1
2026-07-30 20:30:00,26.1,92.28987,0.0,12.011544,2.0,119.63829,30.924732,24.75,0.0
2026-07-30 21:30:00,25.85,93.38632,0.0,11.119281,3.0,119.05451,30.772953,24.7,0.0
2026-07-30 22:30:00,25.8,93.38394,0.0,10.548061,3.0,115.25313,30.774128,24.65,0.0
2026-07-30 23:30:00,26.55,93.41954,0.0,10.711135,2.0,114.84236,31.991184,25.4,0.0
2026-07-31 00:30:00,27.3,88.86092,0.0,12.287555,2.0,121.82741,32.443287,25.3,0.0
2026-07-31 01:30:00,28.0,84.288345,0.1,14.935662,51.0,130.60121,32.62349,25.1,0.1
2026-07-31 02:30:00,29.15,78.6094,0.0,15.12964,3.0,145.17545,33.710228,25.05,0.0
2026-07-31 03:30:00,30.2,77.369354,0.3,14.264361,51.0,137.04541,35.704884,25.8,0.3
2026-07-31 04:30:00,31.5,72.68988,0.1,14.64209,51.0,136.49428,37.801098,26.0,0.1
2026-07-31 05:30:00,31.9,70.22171,0.2,13.298089,51.0,140.49236,38.221443,25.8,0.2
2026-07-31 06:30:00,31.25,70.10266,0.5,15.236338,53.0,141.23447,37.195354,25.15,0.5
2026-07-31 07:30:00,30.4,74.029274,0.2,15.659999,51.0,136.39711,35.51388,25.25,0.2
2026-07-31 08:30:00,30.15,78.74883,0.7,11.616626,53.0,139.39879,35.894478,26.05,0.7
2026-07-31 09:30:00,30.95,73.24541,0.0,12.5807,3.0,146.08253,36.24469,25.6,0.0
2026-07-31 10:30:00,30.05,76.661674,0.2,13.298089,51.0,140.49236,35.174526,25.5,0.2
2026-07-31 11:30:00,29.5,80.30985,0.0,12.383424,3.0,147.46495,34.92812,25.75,0.0
2026-07-31 12:30:00,28.7,83.86419,0.0,7.841887,3.0,148.13406,34.75798,25.7,0.0
2026-07-31 13:30:00,28.35,86.35096,0.0,6.3690495,3.0,132.70937,34.72571,25.85,0.0
2026-07-31 14:30:00,28.2,87.36636,0.0,8.714677,3.0,128.2902,34.2682,25.9,0.0
2026-07-31 15:30:00,28.2,85.31802,0.0,10.296251,3.0,143.53067,33.765842,25.5,0.0
2026-07-31 16:30:00,27.75,87.067825,0.0,9.984729,3.0,152.04913,33.29503,25.4,0.0
2026-07-31 17:30:00,27.85,87.59536,0.0,10.228373,3.0,151.63104,33.493782,25.6,0.0
2026-07-31 18:30:00,27.25,90.18766,0.0,9.741642,3.0,152.48808,32.89843,25.5,0.0
2026-07-31 19:30:00,26.95,92.06285,0.0,7.491114,3.0,144.78232,32.96082,25.55,0.0
2026-07-31 20:30:00,26.65,93.980675,0.0,4.542994,3.0,123.6901,33.125023,25.6,0.0
2026-07-31 21:30:00,26.35,95.37423,0.0,6.3690495,3.0,137.29063,32.52548,25.55,0.0
2026-07-31 22:30:00,26.35,95.65778,0.0,6.248359,3.0,138.50363,32.576836,25.6,0.0
2026-07-31 23:30:00,26.75,96.522934,0.0,6.4924874,3.0,133.87679,33.317646,26.15,0.0
2026-08-01 00:30:00,27.2,94.28263,0.1,5.3517847,51.0,137.72638,33.968006,26.2,0.1
2026-08-01 01:30:00,28.0,91.041954,0.2,6.489992,51.0,146.3099,34.74066,26.4,0.2
2026-08-01 02:30:00,29.7,84.22038,0.2,5.6492476,51.0,157.52052,36.808567,26.75,0.2
2026-08-01 03:30:00,30.65,79.51759,0.3,4.175069,51.0,172.56868,38.438015,26.7,0.3
2026-08-01 04:30:00,31.5,74.868805,0.2,6.2999997,51.0,180.0,39.581635,26.5,0.2
2026-08-01 05:30:00,31.0,74.127625,0.3,4.7827187,51.0,199.79897,38.047344,25.85,0.3
2026-08-01 06:30:00,31.15,77.052956,0.8,3.244996,53.0,213.6901,39.799988,26.65,0.8
2026-08-01 07:30:00,31.55,75.31921,0.4,2.16,51.0,180.0,39.734932,26.65,0.4
2026-08-01 08:30:00,32.0,72.34701,0.2,2.8116899,51.0,129.80553,39.394344,26.4,0.2
2026-08-01 09:30:00,29.6,83.71501,1.7,10.564942,61.0,113.07044,35.849243,26.55,1.7
2026-08-01 10:30:00,29.0,86.92257,0.3,10.534229,51.0,146.853,35.290485,26.6,0.3
2026-08-01 11:30:00,29.4,87.727646,0.3,2.5455842,51.0,98.13002,37.251575,27.15,0.3
2026-08-01 12:30:00,28.9,92.71285,0.7,3.4949677,53.0,191.88864,36.947376,27.6,0.7
2026-08-01 13:30:00,28.6,93.789505,0.3,3.96,51.0,180.0,36.50549,27.5,0.3
2026-08-01 14:30:00,28.1,94.59665,0.0,7.8954163,3.0,155.77226,35.174095,27.15,0.0
2026-08-01 15:30:00,27.85,95.4242,0.0,5.2939587,3.0,162.18102,35.230953,27.05,0.0
2026-08-01 16:30:00,27.7,96.2639,0.0,6.7205353,3.0,159.62349,34.87321,27.05,0.0
2026-08-01 17:30:00,27.5,94.57327,0.0,5.6492476,3.0,157.52052,34.47029,26.55,0.0
2026-08-01 18:30:00,27.3,95.68761,0.0,5.5450516,3.0,166.86597,34.285862,26.55,0.0
2026-08-01 19:30:00,27.3,97.10665,0.0,6.0347,3.0,162.64589,34.393078,26.8,0.0
2026-08-01 20:30:00,27.3,97.39268,0.0,4.3832865,3.0,160.82089,34.669914,26.85,0.0
2026-08-01 21:30:00,27.3,97.6794,0.0,5.0432134,3.0,145.17545,34.60976,26.9,0.0
2026-08-01 22:30:00,27.15,98.25319,0.0,6.090812,3.0,145.84026,34.27118,26.85,0.0
2026-08-01 23:30:00,27.85,95.98598,0.0,6.341009,3.0,145.40765,35.151276,27.15,0.0
2026-08-02 00:30:00,27.65,93.47125,1.3,8.085988,61.0,196.82149,34.229206,26.5,1.3
2026-08-02 01:30:00,27.15,94.839355,3.2,11.276968,63.0,171.74065,33.08891,26.25,3.2
2026-08-02 02:30:00,27.5,95.69386,0.5,5.991594,53.0,147.26479,34.563076,26.75,0.5
2026-08-02 03:30:00,30.25,84.27886,0.2,6.122647,51.0,181.68465,37.911747,27.3,0.2
2026-08-02 04:30:00,31.9,78.071915,0.2,5.297018,51.0,189.78233,41.266407,27.6,0.2
2026-08-02 05:30:00,32.65,71.611946,0.4,6.3639607,51.0,224.9999,41.38833,26.85,0.4
2026-08-02 06:30:00,32.9,70.61093,0.5,4.198285,53.0,239.0363,42.512005,26.85,0.5
2026-08-02 07:30:00,32.7,70.78298,0.3,5.09435,51.0,237.99466,40.068478,26.7,0.3
2026-08-02 08:30:00,33.05,68.79211,0.1,5.2323985,51.0,220.81499,40.302776,26.55,0.1
2026-08-02 09:30:00,30.75,82.3819,2.9,8.574123,63.0,219.0355,37.90354,27.4,2.9
2026-08-02 10:30:00,29.3,88.49481,1.7,3.710795,61.0,219.09384,37.018505,27.2,1.7
2026-08-02 11:30:00,27.85,95.14442,1.0,5.2694216,55.0,187.85323,35.19817,27.0,1.0
2026-08-02 12:30:00,27.9,95.14618,1.2,0.35999998,55.0,360.0,36.000393,27.05,1.2
2026-08-02 13:30:00,27.75,97.11612,0.2,1.0495713,51.0,30.963696,35.89654,27.25,0.2
2026-08-02 14:30:00,27.75,96.83177,0.0,1.9386592,3.0,111.801476,35.730137,27.2,0.0
2026-08-02 15:30:00,27.7,95.70009,0.0,4.514377,3.0,113.49858,35.1223,26.95,0.0
2026-08-02 16:30:00,27.6,96.5444,0.0,3.9477081,3.0,133.1524,35.14141,27.0,0.0
2026-08-02 17:30:00,27.9,95.98748,1.2,6.482499,55.0,91.59111,35.217197,27.2,1.2
2026-08-02 18:30:00,27.2,97.390755,0.4,8.461914,51.0,88.78116,33.903393,26.75,0.4
2026-08-02 19:30:00,27.0,97.3869,0.3,7.2805495,51.0,98.530685,33.733326,26.55,0.3
2026-08-02 20:30:00,25.75,96.78519,3.7,4.060985,63.0,192.80426,32.029213,25.2,3.7
2026-08-02 21:30:00,25.85,97.94511,1.8,4.5891175,61.0,138.17992,32.25222,25.5,1.8
2026-08-02 22:30:00,25.6,98.525696,0.6,4.8633323,53.0,92.12105,31.862152,25.35,0.6
2026-08-02 23:30:00,27.05,95.39769,0.2,1.4399999,51.0,180.0,34.423653,26.25,0.2
2026-08-03 00:30:00,27.3,95.68761,0.2,2.3400002,51.0,202.6199,34.753265,26.55,0.2
2026-08-03 01:30:00,28.4,91.06723,0.1,0.25455844,51.0,44.999897,36.333862,26.8,0.1
2026-08-03 02:30:00,30.25,81.120964,0.0,3.964089,3.0,182.60251,37.531635,26.65,0.0
2026-08-03 03:30:00,31.45,76.87097,0.0,3.0811036,3.0,186.70975,39.188465,26.9,0.0
2026-08-03 04:30:00,32.4,73.92027,0.1,2.4482648,51.0,233.97253,41.417854,27.15,0.1
2026-08-03 05:30:00,32.4,72.84285,0.2,3.1072817,51.0,259.9921,41.197426,26.9,0.2
2026-08-03 06:30:00,31.95,72.1252,0.3,3.189608,51.0,286.38962,39.093502,26.3,0.3
2026-08-03 07:30:00,32.1,68.61219,0.2,0.25455844,51.0,135.0001,39.189816,25.6,0.2
2026-08-03 08:30:00,31.6,71.21563,0.0,5.9427266,3.0,181.73567,37.963062,25.75,0.0
2026-08-03 09:30:00,30.45,80.19645,0.0,8.139901,3.0,71.96563,37.122234,26.65,0.0
2026-08-03 10:30:00,29.3,86.18576,0.1,10.387107,51.0,98.97255,35.718468,26.75,0.1
2026-08-03 11:30:00,30.5,79.96716,0.0,3.9763298,3.0,174.80566,37.77931,26.65,0.0
2026-08-03 12:30:00,29.3,87.719185,0.0,5.509882,3.0,141.63248,36.646492,27.05,0.0
2026-08-03 13:30:00,28.9,88.7234,0.0,6.763786,3.0,154.7989,35.919582,26.85,0.0
2026-08-03 14:30:00,28.5,90.008255,0.0,7.689603,3.0,147.42595,35.27768,26.7,0.0
2026-08-03 15:30:00,28.2,92.40444,0.0,6.9527545,3.0,158.74942,35.193443,26.85,0.0
2026-08-03 16:30:00,27.85,94.86532,0.0,3.8773184,3.0,158.19853,35.36491,26.95,0.0
2026-08-03 17:30:00,28.35,94.329666,0.0,4.1046314,3.0,142.12495,36.12356,27.35,0.0
2026-08-03 18:30:00,27.95,96.27067,0.0,4.445672,3.0,158.62932,35.637714,27.3,0.0
2026-08-03 19:30:00,27.8,97.11719,0.0,3.7842832,3.0,154.65387,35.584465,27.3,0.0
2026-08-03 20:30:00,27.5,97.96983,0.0,0.25455844,3.0,44.999897,35.689575,27.15,0.0
2026-08-03 21:30:00,27.2,87.01852,1.3,2.995797,61.0,32.73523,33.40256,24.85,1.3
2026-08-03 22:30:00,26.65,93.702095,1.1,4.143911,55.0,55.6196,33.14947,25.55,1.1
2026-08-03 23:30:00,27.8,94.03023,0.2,2.3051248,51.0,218.65984,35.400112,26.75,0.2
2026-08-04 00:30:00,28.3,91.32935,0.0,1.0948973,3.0,170.53775,36.07562,26.75,0.0
2026-08-04 01:30:00,29.15,87.9646,0.0,1.0495713,3.0,120.96369,37.074646,26.95,0.0
2026-08-04 02:30:00,30.25,83.54073,0.2,1.98,51.0,90.0,38.182205,27.15,0.2
2026-08-04 03:30:00,30.6,83.33513,0.3,2.0364676,51.0,135.0001,38.744404,27.45,0.3
2026-08-04 04:30:00,30.95,83.131035,0.5,2.7416782,53.0,203.19862,39.215374,27.75,0.5
2026-08-04 05:30:00,31.45,78.466896,0.8,2.0991426,53.0,149.03632,40.106133,27.25,0.8
2026-08-04 06:30:00,31.75,78.2794,0.7,2.9024127,53.0,119.74479,40.680542,27.5,0.7
2026-08-04 07:30:00,31.65,78.49484,0.3,4.2671766,51.0,117.64589,39.46665,27.45,0.3
2026-08-04 08:30:00,31.5,78.935005,0.3,6.6087217,51.0,150.64235,38.938423,27.4,0.3
2026-08-04 09:30:00,29.15,89.52734,3.7,6.9153743,63.0,128.65984,36.438225,27.25,3.7
2026-08-04 10:30:00,28.1,92.12752,1.1,10.703569,55.0,137.72638,34.438942,26.7,1.1
2026-08-04 11:30:00,30.45,81.14597,0.4,9.028754,51.0,175.42616,37.135983,26.85,0.4
2026-08-04 12:30:00,28.9,88.46284,0.1,10.644379,51.0,183.87845,35.317665,26.8,0.1
2026-08-04 13:30:00,28.35,92.14145,0.3,6.4624763,51.0,192.875,35.486908,26.95,0.3
2026-08-04 14:30:00,28.15,94.321526,0.1,5.3305535,51.0,191.68935,35.59803,27.15,0.1
2026-08-04 15:30:00,28.05,95.43085,0.0,4.7657523,3.0,190.88548,35.65399,27.25,0.0
2026-08-04 16:30:00,27.8,96.832954,0.0,4.353619,3.0,187.12492,35.464603,27.25,0.0
2026-08-04 17:30:00,28.5,95.724884,0.0,3.462369,3.0,188.97255,36.665764,27.75,0.0
2026-08-04 18:30:00,28.05,97.12242,0.0,2.9301877,3.0,169.3804,36.144123,27.55,0.0
2026-08-04 19:30:00,27.7,97.972824,0.1,2.97953,51.0,154.98314,35.638966,27.35,0.1
2026-08-04 20:30:00,26.4,97.95341,1.6,9.587428,61.0,140.3322,32.44755,26.05,1.6
2026-08-04 21:30:00,26.25,98.53274,1.2,6.830519,55.0,161.56496,32.665314,26.0,1.2
2026-08-04 22:30:00,26.2,98.240906,1.6,8.39078,61.0,157.28555,32.319027,25.9,1.6
2026-08-04 23:30:00,27.95,97.12034,1.1,5.8631387,55.0,197.87878,35.542084,27.45,1.1
2026-08-05 00:30:00,28.4,96.00196,0.0,5.318383,3.0,203.9625,36.257618,27.7,0.0
2026-08-05 01:30:00,28.65,89.22775,0.0,7.3821945,3.0,268.60284,35.47221,26.7,0.0
2026-08-05 02:30:00,27.55,93.46656,1.9,9.432412,61.0,311.90585,33.86242,26.4,1.9
2026-08-05 03:30:00,27.6,90.47938,1.1,6.297428,55.0,329.03632,34.021828,25.9,1.1
2026-08-05 04:30:00,29.25,89.011375,0.7,5.0432134,53.0,304.82455,36.925053,27.25,0.7
2026-08-05 05:30:00,31.45,75.52571,0.4,4.1046314,51.0,344.7448,39.524113,26.6,0.4
2026-08-05 06:30:00,31.5,75.53349,0.1,5.0688457,51.0,6.1154146,39.24458,26.65,0.1
2026-08-05 07:30:00,31.1,78.8801,0.3,7.1208143,51.0,16.144413,38.451675,27.0,0.3
2026-08-05 08:30:00,29.5,88.25186,1.1,2.0991426,55.0,300.96368,37.563587,27.35,1.1
2026-08-05 09:30:00,29.05,87.183395,1.4,6.8777895,61.0,132.87889,35.944958,26.7,1.4
2026-08-05 10:30:00,26.8,96.80979,4.9,9.299225,63.0,165.42575,33.02797,26.25,4.9
2026-08-05 11:30:00,28.0,92.66608,2.0,7.029225,61.0,166.67546,34.874973,26.7,2.0
2026-08-05 12:30:00,27.6,95.13565,1.4,5.257109,61.0,141.95291,34.769997,26.75,1.4
2026-08-05 13:30:00,27.35,94.84679,1.5,5.3517847,61.0,160.34608,34.293156,26.45,1.5
2026-08-05 14:30:00,27.1,94.00009,1.2,4.542994,55.0,146.3099,33.881958,26.05,1.2
2026-08-05 15:30:00,26.8,94.54586,1.0,4.39436,55.0,145.0079,33.46652,25.85,1.0
2026-08-05 16:30:00,26.6,95.10034,0.7,3.3043609,53.0,150.64235,33.357525,25.75,0.7
2026-08-05 17:30:00,26.55,90.13909,0.5,2.9024127,53.0,172.87508,32.7348,24.8,0.5
2026-08-05 18:30:00,26.25,92.29812,0.5,2.9301877,53.0,169.3804,32.49624,24.9,0.5
2026-08-05 19:30:00,26.15,92.84515,0.4,2.657668,51.0,118.30067,32.436142,24.9,0.4
2026-08-05 20:30:00,25.95,93.670265,0.3,2.3469129,51.0,147.52882,32.249237,24.85,0.3
2026-08-05 21:30:00,25.6,96.781624,0.3,3.0547013,51.0,135.0001,31.927273,25.05,0.3
2026-08-05 22:30:00,25.45,97.647644,0.4,1.9881649,51.0,95.19434,31.933044,25.05,0.4
2026-08-05 23:30:00,25.8,97.36386,0.3,3.319036,51.0,220.60121,32.287037,25.35,0.3
2026-08-06 00:30:00,26.0,96.79106,0.0,2.36753,3.0,171.25392,32.69237,25.45,0.0
2026-08-06 01:30:00,27.05,89.638794,0.1,2.3469129,51.0,237.52882,33.57703,25.2,0.1
2026-08-06 02:30:00,27.7,83.754425,0.0,4.5572357,3.0,260.9098,33.57689,24.7,0.0
2026-08-06 03:30:00,28.5,78.51806,0.0,5.0911684,3.0,261.87,34.1057,24.4,0.0
2026-08-06 04:30:00,29.65,72.371666,0.1,3.244996,51.0,289.44012,35.542294,24.15,0.1
2026-08-06 05:30:00,29.5,71.91218,0.0,1.1525624,3.0,38.65983,35.365112,23.9,0.0
2026-08-06 06:30:00,29.65,71.293144,0.0,0.71999997,2.0,90.0,35.57793,23.9,0.0
2026-08-06 07:30:00,30.95,66.17266,0.0,0.56920993,1.0,198.43504,37.79688,23.9,0.0
2026-08-06 08:30:00,31.2,64.26225,0.1,1.2074767,51.0,206.56499,37.289722,23.65,0.1
2026-08-06 09:30:00,31.1,64.04789,0.1,2.5455842,51.0,171.86998,36.514435,23.5,0.1
2026-08-06 10:30:00,30.4,68.28664,0.1,3.7585104,51.0,163.30067,35.88346,23.9,0.1
2026-08-06 11:30:00,30.15,73.98813,0.1,5.3999996,51.0,143.13002,36.094448,25.0,0.1
2026-08-06 12:30:00,27.95,86.31337,0.2,10.152064,51.0,127.07316,33.503754,25.45,0.2
2026-08-06 13:30:00,27.35,90.46258,0.2,6.6624317,51.0,128.41809,33.548553,25.65,0.2
2026-08-06 14:30:00,27.35,91.00074,0.0,4.8733153,3.0,184.23631,33.8774,25.75,0.0
2026-08-06 15:30:00,27.45,91.54769,0.0,2.9024127,3.0,187.12492,34.401577,25.95,0.0
2026-08-06 16:30:00,27.35,92.35836,0.0,1.8,3.0,126.86999,34.496983,26.0,0.0
2026-08-06 17:30:00,27.55,93.74269,0.0,3.219938,2.0,153.43501,34.803673,26.45,0.0
2026-08-06 18:30:00,27.0,96.81442,0.0,3.3043609,1.0,119.357666,34.242382,26.45,0.0
2026-08-06 19:30:00,26.75,89.61687,0.2,1.08,51.0,180.0,33.265236,24.9,0.2
2026-08-06 20:30:00,26.05,95.64829,0.1,5.3999996,51.0,126.86998,32.199837,25.3,0.1
2026-08-06 21:30:00,25.2,97.93523,1.6,4.293669,61.0,123.02387,31.2165,24.85,1.6
2026-08-06 22:30:00,25.0,99.70229,0.2,4.6277857,51.0,166.50426,31.033264,24.95,0.2
2026-08-06 23:30:00,25.9,98.23704,0.0,4.5572357,1.0,189.0902,32.37421,25.6,0.0
2026-08-07 00:30:00,26.6,93.978455,0.0,1.2074767,1.0,116.56499,33.527782,25.55,0.0
2026-08-07 01:30:00,27.85,89.16734,0.1,2.226477,51.0,165.96373,34.865044,25.9,0.1
2026-08-07 02:30:00,29.0,83.64899,0.1,3.644722,51.0,110.22495,35.84039,25.95,0.1
2026-08-07 03:30:00,30.2,78.05988,0.2,5.5916004,51.0,93.691315,37.067543,25.95,0.2
2026-08-07 04:30:00,31.2,71.7814,0.1,7.613382,51.0,96.78888,38.323296,25.5,0.1
2026-08-07 05:30:00,30.25,73.56482,3.9,10.390226,63.0,104.03627,35.46651,25.0,3.9
2026-08-07 06:30:00,30.0,76.88217,1.0,13.009903,55.0,104.420815,36.13043,25.5,1.0
2026-08-07 07:30:00,30.15,78.284195,0.2,9.741642,51.0,117.51192,36.302612,25.95,0.2
2026-08-07 08:30:00,31.1,72.8373,0.0,11.832176,3.0,123.20658,37.37971,25.65,0.0
2026-08-07 09:30:00,30.05,75.30616,0.1,11.246759,51.0,140.19447,35.27363,25.2,0.1
2026-08-07 10:30:00,29.1,80.736206,0.7,10.564941,53.0,134.30981,34.5914,25.45,0.7
2026-08-07 11:30:00,29.35,79.10659,1.1,8.536252,55.0,132.43619,35.06991,25.35,1.1
2026-08-07 12:30:00,28.25,85.83098,0.3,5.5450516,51.0,125.753975,34.609856,25.65,0.3
2026-08-07 13:30:00,27.5,88.34992,0.0,5.983477,1.0,105.7087,33.62899,25.4,0.0
2026-08-07 14:30:00,27.3,89.656975,0.0,7.928177,1.0,129.47243,33.17923,25.45,0.0
2026-08-07 15:30:00,27.0,90.17035,0.0,9.044888,1.0,132.58046,32.583466,25.25,0.0
2026-08-07 16:30:00,26.55,92.04021,0.0,5.692099,1.0,124.69522,32.556973,25.15,0.0
2026-08-07 17:30:00,26.1,93.39822,0.0,8.490582,1.0,94.864426,31.568226,24.95,0.0
2026-08-07 18:30:00,25.8,93.94365,0.0,10.472536,2.0,114.36244,30.849644,24.75,0.0
2026-08-07 19:30:00,25.65,94.78302,0.1,8.427383,51.0,109.98319,30.998127,24.75,0.1
2026-08-07 20:30:00,25.1,96.480736,0.1,8.311245,51.0,107.650215,30.305264,24.5,0.1
2026-08-07 21:30:00,25.1,96.480736,0.5,7.256032,53.0,113.38525,30.459148,24.5,0.5
2026-08-07 22:30:00,25.3,94.769714,0.2,12.015589,51.0,98.61557,29.901073,24.4,0.2
2026-08-07 23:30:00,24.6,96.75789,0.6,11.701385,53.0,90.881386,29.02766,24.05,0.6
2026-08-08 00:30:00,24.95,96.18821,1.2,12.251905,55.0,92.52606,29.453785,24.3,1.2
2026-08-08 01:30:00,26.1,92.01459,0.2,13.883356,51.0,103.49575,30.619469,24.7,0.2
2026-08-08 02:30:00,27.5,87.826096,0.1,12.959999,51.0,90.0,32.54487,25.3,0.1
2026-08-08 03:30:00,28.9,82.162865,0.1,14.357185,51.0,97.92684,33.905956,25.55,0.1
2026-08-08 04:30:00,29.5,77.95971,0.2,15.5395355,51.0,108.225174,34.13179,25.25,0.2
2026-08-08 05:30:00,30.4,74.249825,0.3,15.547875,51.0,110.32322,35.062023,25.3,0.3
2026-08-08 06:30:00,30.5,74.48715,0.3,15.94804,51.0,106.38962,35.20361,25.45,0.3
2026-08-08 07:30:00,29.5,80.30985,2.0,16.474672,61.0,123.86373,35.238255,25.75,2.0
2026-08-08 08:30:00,28.35,83.82589,1.7,17.339897,61.0,131.63345,32.885628,25.35,1.7
2026-08-08 09:30:00,28.25,83.31742,0.9,14.128566,53.0,124.095024,33.023705,25.15,0.9
2026-08-08 10:30:00,28.5,82.605316,0.3,13.287122,51.0,144.37201,33.462143,25.25,0.3
2026-08-08 11:30:00,28.95,79.524345,0.1,11.952054,51.0,142.95744,33.974,25.05,0.1
2026-08-08 12:30:00,28.05,82.79936,0.0,9.614426,2.0,141.84273,33.285877,24.85,0.0
2026-08-08 13:30:00,27.75,84.76585,0.0,8.574123,0.0,129.0355,33.203274,24.95,0.0
2026-08-08 14:30:00,27.35,87.03199,0.1,7.8087645,51.0,115.97434,32.94829,25.0,0.1
2026-08-08 15:30:00,26.95,90.166885,0.2,8.0899935,51.0,122.27562,32.639668,25.2,0.2
2026-08-08 16:30:00,26.65,92.59511,0.3,7.5942082,51.0,148.57048,32.512165,25.35,0.3
2026-08-08 17:30:00,27.0,90.70836,0.1,10.234705,51.0,124.24909,32.476494,25.35,0.1
2026-08-08 18:30:00,26.65,92.045906,0.0,9.5535755,1.0,132.70937,32.15988,25.25,0.0
2026-08-08 19:30:00,26.5,92.587135,0.0,7.9932966,1.0,125.837746,32.20453,25.2,0.0
2026-08-08 20:30:00,26.2,93.96107,0.0,6.623413,2.0,132.79738,32.071735,25.15,0.0
2026-08-08 21:30:00,26.35,93.13236,0.0,7.596341,0.0,126.32692,32.079605,25.15,0.0
2026-08-08 22:30:00,26.0,94.79624,0.0,7.3469996,1.0,120.963684,31.733566,25.1,0.0
2026-08-08 23:30:00,26.5,92.86309,0.0,7.3997297,1.0,108.43504,32.32423,25.25,0.0
2026-08-09 00:30:00,27.05,89.90597,0.0,6.206738,1.0,106.85848,33.04728,25.25,0.0
2026-08-09 01:30:00,28.35,85.333046,0.0,6.9527545,1.0,111.25058,34.504383,25.65,0.0
2026-08-09 02:30:00,29.7,80.81267,0.0,9.418661,1.0,116.0753,35.765938,26.05,0.0
2026-08-09 03:30:00,30.75,76.3142,0.1,9.901636,51.0,117.030785,37.329224,26.1,0.1
2026-08-09 04:30:00,31.15,74.152145,0.1,10.315115,51.0,119.24873,37.57198,26.0,0.1
2026-08-09 05:30:00,30.5,76.50238,0.9,10.957846,53.0,137.66306,36.236507,25.9,0.9
2026-08-09 06:30:00,31.4,76.188156,0.7,8.0599,53.0,150.57263,39.759747,26.7,0.7
2026-08-09 07:30:00,32.35,70.51166,0.1,7.7420926,51.0,144.46223,40.480305,26.3,0.1
2026-08-09 08:30:00,29.5,81.99161,1.3,16.204998,61.0,130.94635,35.49571,26.1,1.3
2026-08-09 09:30:00,28.55,87.655365,0.9,7.386582,53.0,133.02507,35.088596,26.3,0.9
2026-08-09 10:30:00,29.6,82.7333,0.2,6.248359,51.0,138.50363,36.337555,26.35,0.2
2026-08-09 11:30:00,30.25,78.995804,0.2,6.6405115,51.0,122.828545,36.82408,26.2,0.2
2026-08-09 12:30:00,29.25,82.448364,0.1,7.388775,51.0,124.07724,35.54389,25.95,0.1
2026-08-09 13:30:00,28.5,86.87748,0.0,8.461915,3.0,141.91118,34.742466,26.1,0.0
2026-08-09 14:30:00,27.95,89.96962,0.0,5.22,3.0,133.60289,34.70102,26.15,0.0
2026-08-09 15:30:00,27.6,92.099495,0.0,4.913044,2.0,118.442825,34.43125,26.2,0.0
2026-08-09 16:30:00,27.25,94.00658,0.0,3.710795,1.0,129.09386,34.25722,26.2,0.0
2026-08-09 17:30:00,27.8,91.56863,0.0,4.0449963,1.0,110.854546,34.827354,26.3,0.0
2026-08-09 18:30:00,26.3,96.51154,3.8,5.6262593,63.0,82.64771,32.685417,25.7,3.8
2026-08-09 19:30:00,26.05,95.93318,0.9,6.989936,53.0,55.491425,32.00129,25.35,0.9
2026-08-09 20:30:00,25.6,97.07044,3.8,3.5864744,63.0,72.47434,31.882618,25.1,3.8
2026-08-09 21:30:00,25.8,96.78638,0.8,4.4456716,53.0,58.240574,32.056183,25.25,0.8
2026-08-09 22:30:00,25.8,97.36386,0.1,4.1046314,51.0,74.74483,32.172474,25.35,0.1
2026-08-09 23:30:00,26.85,92.05721,0.1,3.9844694,51.0,161.56496,33.305138,25.45,0.1
2026-08-10 00:30:00,27.05,94.27645,0.2,5.5450516,51.0,103.13403,33.685913,26.05,0.2
2026-08-10 01:30:00,28.15,88.6644,0.0,4.846648,1.0,121.328636,34.920364,26.1,0.0
2026-08-10 02:30:00,29.75,79.16135,0.0,3.644722,1.0,110.22495,36.45202,25.75,0.0
2026-08-10 03:30:00,31.0,74.78895,0.0,5.6521144,1.0,99.16227,38.21051,26.0,0.0
2026-08-10 04:30:00,31.7,72.08185,0.1,5.9427266,51.0,88.264336,39.719944,26.05,0.1
2026-08-10 05:30:00,32.05,67.39011,0.1,7.79215,51.0,96.63242,39.354214,25.25,0.1
2026-08-10 06:30:00,31.5,70.14853,0.3,9.257321,51.0,116.56499,38.828003,25.4,0.3
2026-08-10 07:30:00,31.8,68.759254,0.2,3.710795,51.0,165.96373,39.446747,25.35,0.2
2026-08-10 08:30:00,31.75,70.402824,0.2,3.8268526,51.0,138.81418,39.63856,25.7,0.2
2026-08-10 09:30:00,30.3,76.92691,1.2,6.162207,55.0,96.70974,36.66786,25.8,1.2
2026-08-10 10:30:00,29.8,80.58683,2.5,3.6402748,63.0,81.46932,36.74304,26.1,2.5
2026-08-10 11:30:00,30.8,76.54768,0.3,4.5,51.0,36.86999,37.685074,26.2,0.3
2026-08-10 12:30:00,29.2,86.17627,0.1,3.644722,51.0,110.22495,36.530422,26.65,0.1
2026-08-10 13:30:00,28.7,89.231476,0.1,3.319036,51.0,139.39879,36.150455,26.75,0.1
2026-08-10 14:30:00,28.2,92.13307,0.0,3.5455887,1.0,156.0375,35.65432,26.8,0.0
2026-08-10 15:30:00,27.85,92.658195,0.0,4.2366967,1.0,167.73524,35.02562,26.55,0.0
2026-08-10 16:30:00,27.7,91.292465,0.0,3.8856654,1.0,193.39252,34.64608,26.15,0.0
2026-08-10 17:30:00,28.25,88.67228,0.0,3.710795,2.0,194.03627,35.255344,26.2,0.0
2026-08-10 18:30:00,27.9,89.70043,0.0,1.484318,3.0,284.03625,35.126545,26.05,0.0
2026-08-10 19:30:00,27.6,91.286285,0.0,1.4512063,3.0,352.87506,34.83193,26.05,0.0
2026-08-10 20:30:00,27.35,92.63199,0.0,0.9693296,2.0,21.801476,34.652664,26.05,0.0
2026-08-10 21:30:00,27.1,93.44547,0.0,0.5091169,2.0,44.999897,34.401234,25.95,0.0
2026-08-10 22:30:00,26.75,95.10565,0.0,0.742159,3.0,104.03627,33.983498,25.9,0.0
2026-08-10 23:30:00,27.4,99.99999,0.0,1.9134263,3.0,138.81418,35.53206,27.4,0.0
2026-08-11 00:30:00,28.3,96.84445,0.0,1.3104197,1.0,195.94547,36.78002,27.75,0.0
2026-08-11 01:30:00,30.05,86.00433,0.0,0.9693296,0.0,21.801476,38.351273,27.45,0.0
2026-08-11 02:30:00,31.35,75.06603,0.1,3.671294,51.0,78.6901,38.4948,26.4,0.1
2026-08-11 03:30:00,32.05,71.29558,0.1,4.5322843,51.0,83.15732,39.682365,26.2,0.1
2026-08-11 04:30:00,32.75,69.96296,0.1,5.920878,51.0,70.46326,41.31461,26.55,0.1
2026-08-11 05:30:00,31.3,75.9488,0.2,7.731623,51.0,65.22488,39.930225,26.55,0.2
2026-08-11 06:30:00,32.6,69.11443,0.1,8.083983,51.0,78.4399,41.09124,26.2,0.1
2026-08-11 07:30:00,32.55,69.10504,0.1,6.4323244,51.0,72.07199,40.639313,26.15,0.1
2026-08-11 08:30:00,32.85,69.16124,0.0,3.9312592,0.0,74.054535,41.179222,26.45,0.0
2026-08-11 09:30:00,32.7,70.16028,0.0,1.1384199,0.0,71.564964,40.47436,26.55,0.0
2026-08-11 10:30:00,32.1,72.15119,0.2,1.4512063,51.0,60.255207,39.602123,26.45,0.2
2026-08-11 11:30:00,31.3,72.44071,2.1,5.994297,61.0,41.347687,37.65618,25.75,2.1
2026-08-11 12:30:00,29.95,80.131134,0.1,3.7585104,51.0,16.699326,36.9102,26.15,0.1
2026-08-11 13:30:00,29.45,84.69139,0.0,1.484318,0.0,345.9637,37.05935,26.6,0.0
2026-08-11 14:30:00,29.2,86.17627,0.0,0.9693296,1.0,248.19853,36.92058,26.65,0.0
2026-08-11 15:30:00,28.65,88.9654,0.0,2.1897945,1.0,170.53775,36.193714,26.65,0.0
2026-08-11 16:30:00,27.85,92.93163,0.3,7.7734165,51.0,42.184383,34.545387,26.6,0.3
2026-08-11 17:30:00,28.45,96.28414,0.1,4.2021427,51.0,223.26433,36.545776,27.8,0.1
2026-08-11 18:30:00,28.05,96.27338,0.0,3.3043609,2.0,209.35765,35.977905,27.4,0.0
2026-08-11 19:30:00,27.8,96.54944,0.0,2.968636,1.0,255.96373,35.629833,27.2,0.0
2026-08-11 20:30:00,27.65,96.8295,0.0,3.244996,1.0,289.44012,35.366623,27.1,0.0
2026-08-11 21:30:00,27.4,97.96837,0.0,1.8,2.0,306.86996,35.291374,27.05,0.0
2026-08-11 22:30:00,27.25,97.96611,0.0,3.1072817,3.0,280.0079,34.842182,26.9,0.0
2026-08-11 23:30:00,27.1,96.5318,0.0,4.060985,3.0,282.80426,34.26722,26.5,0.0
2026-08-12 00:30:00,28.1,91.04831,0.0,4.802999,3.0,347.00537,35.157116,26.5,0.0
2026-08-12 01:30:00,29.5,85.69936,0.0,4.5322843,2.0,353.15732,36.843758,26.85,0.0
2026-08-12 02:30:00,31.15,77.052956,0.0,4.323748,2.0,357.6141,38.37722,26.65,0.0
2026-08-12 03:30:00,32.3,71.12971,0.1,4.3536186,51.0,29.744795,40.16465,26.4,0.1
2026-08-12 04:30:00,32.65,70.56586,0.4,6.206738,51.0,73.14152,40.821888,26.6,0.4
2026-08-12 05:30:00,33.35,65.86994,0.1,8.338489,51.0,76.26372,41.425095,26.1,0.1
2026-08-12 06:30:00,30.4,78.5512,1.4,10.266314,61.0,92.009514,37.794678,26.25,1.4
2026-08-12 07:30:00,30.55,79.50417,0.7,1.4512063,53.0,172.87508,38.16184,26.6,0.7
2026-08-12 08:30:00,31.75,75.12928,0.2,3.9640884,51.0,320.52756,39.3426,26.8,0.2
2026-08-12 09:30:00,31.8,75.80256,0.3,2.5582807,51.0,309.28937,39.614784,27.0,0.3
2026-08-12 10:30:00,31.25,79.13249,0.5,0.17999999,53.0,270.0,39.479076,27.2,0.5
2026-08-12 11:30:00,31.55,78.25125,3.4,2.968636,63.0,284.03625,39.44524,27.3,3.4
2026-08-12 12:30:00,28.6,91.34766,1.4,9.743305,61.0,101.72509,35.33058,27.05,1.4
2026-08-12 13:30:00,28.7,90.02222,0.4,0.9,51.0,233.13002,36.611214,26.9,0.4
2026-08-12 14:30:00,27.3,96.25304,2.2,9.360001,61.0,292.6199,33.80069,26.65,2.2
2026-08-12 15:30:00,27.15,95.682915,2.5,8.027677,63.0,289.6539,33.66802,26.4,2.5
2026-08-12 16:30:00,26.95,95.112755,1.8,7.3799996,61.0,347.3196,33.353138,26.1,1.8
2026-08-12 17:30:00,27.65,93.47125,0.3,11.368535,51.0,336.68225,33.7505,26.5,0.3
2026-08-12 18:30:00,27.1,94.27852,0.1,10.837435,51.0,348.50345,32.998657,26.1,0.1
2026-08-12 19:30:00,26.95,92.886055,0.0,11.391313,3.0,5.4402504,32.493557,25.7,0.0
2026-08-12 20:30:00,27.0,91.520645,0.0,10.981475,2.0,359.06082,32.468056,25.5,0.0
2026-08-12 21:30:00,27.15,91.2585,0.0,11.226575,3.0,12.030577,32.649467,25.6,0.0
2026-08-12 22:30:00,27.3,91.81032,0.0,11.043261,3.0,19.025702,32.995995,25.85,0.0
2026-08-12 23:30:00,28.3,92.68174,0.1,8.574123,51.0,39.03552,35.165333,27.0,0.1
2026-08-13 00:30:00,28.25,91.59544,0.1,13.1412325,51.0,53.914837,34.268955,26.75,0.1
2026-08-13 01:30:00,28.4,91.06723,0.4,13.888023,51.0,47.62646,34.34565,26.8,0.4
2026-08-13 02:30:00,29.35,85.68473,0.3,14.25641,51.0,52.695976,35.168285,26.7,0.3
2026-08-13 03:30:00,30.55,77.879425,0.1,15.536408,51.0,43.122143,35.9139,26.25,0.1
2026-08-13 04:30:00,31.5,73.55471,0.1,15.401311,51.0,45.47345,37.72121,26.2,0.1
2026-08-13 05:30:00,32.4,69.07689,0.2,17.179394,51.0,35.188824,38.41767,26.0,0.2
2026-08-13 06:30:00,31.15,71.13539,0.3,18.079027,51.0,54.727493,36.138,25.3,0.3
2026-08-13 07:30:00,30.65,75.40058,0.8,14.045767,53.0,59.16224,35.86745,25.8,0.8
2026-08-13 08:30:00,30.4,75.36128,0.1,14.587776,51.0,74.248764,35.369385,25.55,0.1
2026-08-13 09:30:00,30.8,76.3218,0.4,12.440851,51.0,58.609787,36.49224,26.15,0.4
2026-08-13 10:30:00,30.15,78.05275,0.5,14.64209,53.0,69.11413,35.34995,25.9,0.5
2026-08-13 11:30:00,28.75,87.15681,0.2,14.36621,51.0,74.74483,34.34058,26.4,0.2
2026-08-13 12:30:00,28.15,89.19008,0.1,11.440979,51.0,65.85446,34.028217,26.2,0.1
2026-08-13 13:30:00,28.05,88.13317,0.0,12.669238,3.0,67.44272,33.541767,25.9,0.0
2026-08-13 14:30:00,27.6,89.148384,0.3,11.844492,51.0,73.21728,33.04238,25.65,0.3
2026-08-13 15:30:00,27.4,91.544685,0.3,11.276968,51.0,61.389645,33.09601,25.9,0.3
2026-08-13 16:30:00,27.2,92.624115,0.1,11.503113,51.0,69.86362,32.86339,25.9,0.1
2026-08-13 17:30:00,26.95,95.67667,0.0,14.068817,3.0,86.33228,32.447227,26.2,0.0
2026-08-13 18:30:00,26.6,96.519135,0.1,14.156058,51.0,78.26146,31.946396,26.0,0.1
2026-08-13 19:30:00,26.25,96.510216,0.1,16.039202,51.0,80.960594,31.083012,25.65,0.1
2026-08-13 20:30:00,26.2,95.93761,0.0,15.99571,3.0,70.953285,30.938183,25.5,0.0
2026-08-13 21:30:00,26.25,95.08788,0.0,15.486278,3.0,70.30129,30.995316,25.4,0.0
2026-08-13 22:30:00,26.2,95.369194,0.1,15.328561,51.0,80.53775,30.968395,25.4,0.1
2026-08-13 23:30:00,26.9,93.15945,0.2,16.215992,51.0,92.544754,31.740047,25.7,0.2
2026-08-14 00:30:00,26.6,96.23392,0.5,18.000898,53.0,89.42708,31.351234,25.95,0.5
2026-08-14 01:30:00,27.05,95.67979,0.4,17.534992,51.0,95.300835,32.111458,26.3,0.4
2026-08-14 02:30:00,28.3,90.52623,0.2,14.897651,51.0,101.85298,33.955563,26.6,0.2
2026-08-14 03:30:00,30.25,79.69872,0.3,17.418196,51.0,108.06056,35.6038,26.35,0.3
2026-08-14 04:30:00,30.55,77.42058,0.2,16.284779,51.0,103.42185,35.682198,26.15,0.2
2026-08-14 05:30:00,31.9,67.36072,0.0,16.011908,3.0,98.40329,36.83665,25.1,0.0
2026-08-14 06:30:00,32.4,68.46607,0.1,14.264361,51.0,100.17545,39.2133,25.85,0.1
2026-08-14 07:30:00,30.05,81.33545,1.0,16.947742,55.0,112.47948,36.454674,26.5,1.0
2026-08-14 08:30:00,31.3,75.05816,0.4,12.3165245,51.0,116.939445,37.834183,26.35,0.4
2026-08-14 09:30:00,28.65,88.9654,1.5,14.637663,61.0,106.42938,34.3784,26.65,1.5
2026-08-14 10:30:00,29.55,83.217255,0.3,10.990322,51.0,121.60746,35.63128,26.4,0.3
2026-08-14 11:30:00,29.45,82.715935,0.0,10.97262,3.0,131.00899,35.393967,26.2,0.0
2026-08-14 12:30:00,29.05,83.90236,0.0,8.035746,3.0,105.59287,35.318916,26.05,0.0
2026-08-14 13:30:00,28.7,85.11583,0.0,9.56713,3.0,101.94416,34.67729,25.95,0.0
2026-08-14 14:30:00,28.2,87.36636,0.0,8.827344,3.0,92.33726,34.25177,25.9,0.0
2026-08-14 15:30:00,27.8,88.37429,0.0,8.885877,3.0,96.980965,33.70741,25.7,0.0
2026-08-14 16:30:00,27.6,88.88427,0.0,9.0018,3.0,88.85426,33.423107,25.6,0.0
2026-08-14 17:30:00,28.15,87.62114,0.0,9.0018,3.0,91.14574,34.17642,25.9,0.0
